{
  "matrix_id": "ATLAS-MOVE-MATRIX-2025-12-16",
  "approved_by": "ATLAS (GID-11)",
  "date": "2025-12-16",
  "pr": "#18",
  "branch": "fix/cody-occ-foundation-clean",
  "reason": "Git rename detection false positives from empty file deletions and refactors in prior commits",
  "approved_moves": [
    {
      "source": "ChainBridge/market_metrics/__init__.py",
      "dest": "ChainBridge/AGENTS/AI_AGENT_TIM/checklist.md",
      "type": "false_positive",
      "note": "Git R100 match on empty files; market_metrics/__init__.py was deleted in 76f2be7e, checklist.md already existed"
    },
    {
      "source": "ChainBridge/chainboard-ui/src/utils/formatting.ts",
      "dest": "ChainBridge/chainboard-ui/src/lib/formatters.ts",
      "type": "refactor",
      "note": "UI utility refactor from utils/ to lib/ namespace"
    },
    {
      "source": "ChainBridge/ml_pipeline/ev_thresholding.py",
      "dest": "ChainBridge/legacy/legacy-benson-bot/ml_pipeline/ev_thresholding.py",
      "type": "archive",
      "note": "Legacy ML code moved to legacy folder for preservation"
    }
  ]
}
