{
  "$schema": "claim-bindings-schema-v1.0.0",
  "meta": {
    "version": "1.0.0",
    "pac": "PAC-DAN-CLAIMS-BINDING-02",
    "owner": "DAN (GID-07)",
    "description": "Canonical claim-to-artifact binding manifest. Machine-readable. No new claims. No interpretation.",
    "generated_at": "2025-01-18T00:00:00Z"
  },
  "claims": {
    "TC-ID-01": {
      "title": "Agent Identity Validation",
      "tests": [
        "tests/governance/gameday/test_gameday_forged_gid.py",
        "tests/governance/test_acm_evaluator.py"
      ],
      "modules": [
        "core/governance/acm_evaluator.py"
      ],
      "artifacts": [
        "governance_events",
        "fingerprint/governance_fingerprint.json"
      ],
      "exposed_in": ["trust_ui", "trust_api", "sales_questionnaire", "audit_bundle"],
      "failure_event": "DECISION_DENIED",
      "test_count": 37
    },
    "TC-ID-02": {
      "title": "Unknown Agent Rejection",
      "tests": [
        "tests/governance/gameday/test_gameday_forged_gid.py::TestUnknownGIDRejection",
        "tests/governance/test_acm_loader.py"
      ],
      "modules": [
        "core/governance/acm_loader.py"
      ],
      "artifacts": [
        "governance_events"
      ],
      "exposed_in": ["trust_ui", "trust_api", "audit_bundle"],
      "failure_event": "DECISION_DENIED",
      "test_count": 30
    },
    "TC-AUTH-01": {
      "title": "Verb-Based Authorization",
      "tests": [
        "tests/governance/test_acm_evaluator.py",
        "tests/governance/test_chain_of_command.py"
      ],
      "modules": [
        "core/governance/acm_evaluator.py"
      ],
      "artifacts": [
        "governance_events",
        "manifests/*.yaml"
      ],
      "exposed_in": ["trust_ui", "trust_api", "audit_bundle"],
      "failure_event": "DECISION_DENIED",
      "test_count": 35
    },
    "TC-AUTH-02": {
      "title": "Forbidden Verb Enforcement",
      "tests": [
        "tests/governance/gameday/test_gameday_diggi_forbidden_verb.py",
        "tests/governance/test_diggi_corrections.py"
      ],
      "modules": [
        "core/governance/diggi_corrections.py"
      ],
      "artifacts": [
        "governance_events"
      ],
      "exposed_in": ["trust_ui", "trust_api", "sales_questionnaire", "audit_bundle"],
      "failure_event": "DECISION_DENIED",
      "test_count": 49
    },
    "TC-AUTH-03": {
      "title": "DRCP Escalation Routing",
      "tests": [
        "tests/governance/test_drcp.py"
      ],
      "modules": [
        "core/governance/drcp.py"
      ],
      "artifacts": [
        "governance_events"
      ],
      "exposed_in": ["trust_ui", "trust_api", "audit_bundle"],
      "failure_event": "ESCALATION_REQUIRED",
      "test_count": 23
    },
    "TC-EXEC-01": {
      "title": "Tool Execution Requires Authorization",
      "tests": [
        "tests/governance/gameday/test_gameday_tool_without_envelope.py",
        "tests/governance/test_diggi_envelope_handler.py"
      ],
      "modules": [
        "core/governance/diggi_envelope_handler.py"
      ],
      "artifacts": [
        "governance_events"
      ],
      "exposed_in": ["trust_ui", "trust_api", "sales_questionnaire", "audit_bundle"],
      "failure_event": "TOOL_EXECUTION_DENIED",
      "test_count": 45
    },
    "TC-EXEC-02": {
      "title": "Fail-Closed on Auth Failure",
      "tests": [
        "tests/governance/gameday/test_gameday_tool_without_envelope.py",
        "tests/governance/test_diggi_envelope_handler.py"
      ],
      "modules": [
        "core/governance/diggi_envelope_handler.py"
      ],
      "artifacts": [
        "governance_events"
      ],
      "exposed_in": ["trust_ui", "trust_api", "audit_bundle"],
      "failure_event": "TOOL_EXECUTION_DENIED",
      "test_count": 30
    },
    "TC-INT-01": {
      "title": "Artifact Hash Verification",
      "tests": [
        "tests/governance/gameday/test_gameday_artifact_mismatch.py",
        "tests/governance/test_governance_fingerprint.py"
      ],
      "modules": [
        "core/governance/governance_fingerprint.py"
      ],
      "artifacts": [
        "artifacts/artifacts.json",
        "fingerprint/governance_fingerprint.json"
      ],
      "exposed_in": ["trust_ui", "trust_api", "audit_bundle"],
      "failure_event": "ARTIFACT_VERIFICATION_FAILED",
      "test_count": 30
    },
    "TC-INT-02": {
      "title": "Boot-Time Integrity Check",
      "tests": [
        "tests/governance/test_boot_checks.py"
      ],
      "modules": [
        "core/governance/boot_checks.py"
      ],
      "artifacts": [
        "fingerprint/governance_fingerprint.json"
      ],
      "exposed_in": ["trust_ui", "trust_api", "audit_bundle"],
      "failure_event": "BOOT_BLOCKED",
      "test_count": 18
    },
    "TC-INT-03": {
      "title": "Governance Drift Detection",
      "tests": [
        "tests/governance/gameday/test_gameday_governance_drift.py",
        "tests/governance/test_governance_fingerprint.py"
      ],
      "modules": [
        "core/governance/governance_fingerprint.py"
      ],
      "artifacts": [
        "fingerprint/governance_fingerprint.json"
      ],
      "exposed_in": ["trust_ui", "trust_api", "sales_questionnaire", "audit_bundle"],
      "failure_event": "GOVERNANCE_DRIFT_DETECTED",
      "test_count": 24
    },
    "TC-SCOPE-01": {
      "title": "Scope Boundary Enforcement",
      "tests": [
        "tests/governance/gameday/test_gameday_scope_violation.py",
        "tests/governance/test_atlas_scope.py"
      ],
      "modules": [
        "core/governance/atlas_scope.py"
      ],
      "artifacts": [
        "scope/scope_declaration.json",
        "governance_events"
      ],
      "exposed_in": ["trust_ui", "trust_api", "sales_questionnaire", "audit_bundle"],
      "failure_event": "SCOPE_VIOLATION",
      "test_count": 45
    },
    "TC-SCOPE-02": {
      "title": "Forbidden Pattern Rejection",
      "tests": [
        "tests/governance/gameday/test_gameday_scope_violation.py::TestForbiddenPatterns",
        "tests/governance/test_atlas_scope.py"
      ],
      "modules": [
        "core/governance/atlas_scope.py"
      ],
      "artifacts": [
        "governance_events"
      ],
      "exposed_in": ["trust_ui", "trust_api", "audit_bundle"],
      "failure_event": "FORBIDDEN_PATTERN_DETECTED",
      "test_count": 25
    },
    "TC-AUDIT-01": {
      "title": "Event Immutability",
      "tests": [
        "tests/governance/test_event_retention.py",
        "tests/governance/test_governance_events.py"
      ],
      "modules": [
        "core/governance/retention.py",
        "core/governance/events.py"
      ],
      "artifacts": [
        "governance_events"
      ],
      "exposed_in": ["trust_ui", "trust_api", "audit_bundle"],
      "failure_event": "N/A",
      "test_count": 28
    },
    "TC-AUDIT-02": {
      "title": "Portable Audit Export",
      "tests": [
        "tests/governance/test_audit_export.py"
      ],
      "modules": [
        "core/governance/audit_exporter.py"
      ],
      "artifacts": [
        "AUDIT_MANIFEST.json",
        "governance_events",
        "artifacts/artifacts.json",
        "fingerprint/governance_fingerprint.json",
        "scope/scope_declaration.json"
      ],
      "exposed_in": ["trust_ui", "trust_api", "sales_questionnaire", "audit_bundle"],
      "failure_event": "N/A",
      "test_count": 32
    },
    "TC-AUDIT-03": {
      "title": "Standalone Verification",
      "tests": [
        "tests/governance/test_audit_export.py::TestBundleVerification"
      ],
      "modules": [
        "scripts/verify_audit_bundle.py"
      ],
      "artifacts": [
        "AUDIT_MANIFEST.json",
        "VERIFY.md"
      ],
      "exposed_in": ["trust_ui", "trust_api", "audit_bundle"],
      "failure_event": "VERIFICATION_FAILED",
      "test_count": 12
    },
    "TC-CORR-01": {
      "title": "Correction Attribution",
      "tests": [
        "tests/governance/test_diggi_corrections.py"
      ],
      "modules": [
        "core/governance/diggi_corrections.py"
      ],
      "artifacts": [
        "governance_events"
      ],
      "exposed_in": ["trust_ui", "trust_api", "audit_bundle"],
      "failure_event": "N/A",
      "test_count": 27
    }
  },
  "artifact_mapping": {
    "governance_events": "governance_events/events.jsonl",
    "AUDIT_MANIFEST.json": "AUDIT_MANIFEST.json",
    "VERIFY.md": "VERIFY.md",
    "artifacts/artifacts.json": "artifacts/artifacts.json",
    "fingerprint/governance_fingerprint.json": "fingerprint/governance_fingerprint.json",
    "scope/scope_declaration.json": "scope/scope_declaration.json",
    "claims/claims_snapshot.json": "claims/claims_snapshot.json"
  },
  "exposure_contexts": {
    "trust_ui": "ChainBoard Trust Center UI dashboard",
    "trust_api": "GET /trust/* API endpoints",
    "sales_questionnaire": "Security questionnaire and RFP responses",
    "audit_bundle": "Portable governance audit bundle export"
  },
  "constraints": {
    "no_new_claims": "This file binds existing claims only. New claims require ALEX (GID-08) approval.",
    "no_interpretation": "Bindings are mechanical. No claim interpretation or marketing language.",
    "test_requirement": "Every claim MUST have at least one test path.",
    "artifact_requirement": "Every claim MUST map to at least one artifact type."
  }
}
